City,Date,Initial_hour,Particule,TES,TUV Dose,Dose ratio
Nueva York,2024-01-21,5,zn,,1330596.55406028,0.983005728472432
Nueva York,2024-01-21,11,zn,,1105286.31110969,0.816553125819807
Nueva York,2024-02-21,5,zn,569,1357124.15143745,1.00260353977353
Nueva York,2024-02-21,11,zn,306,1356330.12208887,1.00201693416731
Nueva York,2024-03-21,5,zn,485,1355097.43734633,1.00110626281496
Nueva York,2024-03-21,11,zn,233,1356674.45159646,1.0022713147137
Nueva York,2024-04-21,5,zn,426,1356899.91918828,1.00243788356108
Nueva York,2024-04-21,11,zn,200,1356351.13911351,1.00203246092901
Nueva York,2024-05-21,5,zn,396,1356997.58828492,1.00251003862657
Nueva York,2024-05-21,11,zn,188,1357322.41798704,1.0027500132883
Nueva York,2024-06-21,5,zn,392,1355664.28652799,1.00152503437351
Nueva York,2024-06-21,11,zn,186,1358189.22287814,1.00339038333196
Nueva York,2024-07-21,5,zn,407,1354153.03057822,1.00040856277942
Nueva York,2024-07-21,11,zn,190,1355461.63647435,1.00137532245445
Nueva York,2024-08-21,5,zn,434,1355480.87919351,1.00138953841128
Nueva York,2024-08-21,11,zn,204,1357466.41479171,1.00285639390641
Nueva York,2024-09-21,5,zn,476,1358538.87174018,1.00364869366148
Nueva York,2024-09-21,11,zn,238,1354423.09364944,1.0006080774597
Nueva York,2024-10-21,5,zn,548,1356758.87569694,1.00233368476429
Nueva York,2024-10-21,11,zn,342,1354050.26039966,1.00033263918414
Nueva York,2024-11-21,5,zn,,1306134.89733448,0.964934173562706
Nueva York,2024-11-21,11,zn,,1010747.97807024,0.746710976706737
Nueva York,2024-12-21,5,zn,,1098513.93211504,0.811549890746925
Nueva York,2024-12-21,11,zn,,896395.951683101,0.662231051775341
Nueva York,2024-01-21,5,cu,326,333473.971242151,1.00686585519973
Nueva York,2024-01-21,11,cu,46,338199.03731832,1.0211323590529
Nueva York,2024-02-21,5,cu,285,331224.195073021,1.00007305275671
Nueva York,2024-02-21,11,cu,35,338821.62905436,1.0230121650192
Nueva York,2024-03-21,5,cu,237,336638.388403403,1.01642025484119
Nueva York,2024-03-21,11,cu,27,332527.06776795,1.00400684712545
Nueva York,2024-04-21,5,cu,189,334310.325414465,1.00939107914995
Nueva York,2024-04-21,11,cu,23,333180.25008537,1.00597901595824
Nueva York,2024-05-21,5,cu,159,332142.465715261,1.00284560904366
Nueva York,2024-05-21,11,cu,22,341026.66139973,1.029669871376
Nueva York,2024-06-21,5,cu,154,334885.010727534,1.01112624011937
Nueva York,2024-06-21,11,cu,22,343265.66961825,1.03643016189085
Nueva York,2024-07-21,5,cu,170,336620.173722649,1.01636525882442
Nueva York,2024-07-21,11,cu,22,332439.58560546,1.00374271016141
Nueva York,2024-08-21,5,cu,195,334501.367841391,1.00996789807183
Nueva York,2024-08-21,11,cu,24,339790.74992172,1.02593825459457
Nueva York,2024-09-21,5,cu,224,335428.086185017,1.01276596070355
Nueva York,2024-09-21,11,cu,27,336904.58347242,1.01722398391431
Nueva York,2024-10-21,5,cu,259,336513.957064398,1.01604455635386
Nueva York,2024-10-21,11,cu,33,336300.78932901,1.0154009339644
Nueva York,2024-11-21,5,cu,302,332975.092115863,1.00535957764451
Nueva York,2024-11-21,11,cu,43,336306.63889065,1.01541859568433
Nueva York,2024-12-21,5,cu,333,334575.294849666,1.01019110763788
Nueva York,2024-12-21,11,cu,50,333081.70420284,1.00568147404239
Los Ángeles,2024-01-21,5,zn,594,1353889.31590042,1.0002137381061
Los Ángeles,2024-01-21,11,zn,350,1354066.28881647,1.00034448050862
Los Ángeles,2024-02-21,5,zn,521,1358637.38106239,1.00372146946098
Los Ángeles,2024-02-21,11,zn,252,1355569.15130063,1.00145475125637
Los Ángeles,2024-03-21,5,zn,461,1357733.97777045,1.00305406159164
Los Ángeles,2024-03-21,11,zn,209,1353764.76381084,1.00012172267349
Los Ángeles,2024-04-21,5,zn,415,1353790.34635375,1.00014062230626
Los Ángeles,2024-04-21,11,zn,188,1358806.29023709,1.00384625460778
Los Ángeles,2024-05-21,5,zn,394,1360638.24137658,1.00519964640705
Los Ángeles,2024-05-21,11,zn,180,1353627.02971692,1.0000199687625
Los Ángeles,2024-06-21,5,zn,393,1359412.16427353,1.00429385658506
Los Ángeles,2024-06-21,11,zn,180,1358212.55995005,1.00340762407657
Los Ángeles,2024-07-21,5,zn,405,1357530.90818152,1.00290403973221
Los Ángeles,2024-07-21,11,zn,183,1359508.19678043,1.00436480258602
Los Ángeles,2024-08-21,5,zn,423,1354049.48433102,1.00033206584738
Los Ángeles,2024-08-21,11,zn,191,1355368.49425776,1.00130651171525
Los Ángeles,2024-09-21,5,zn,451,1356751.40681155,1.0023281669707
Los Ángeles,2024-09-21,11,zn,213,1353820.45689108,1.00016286708856
Los Ángeles,2024-10-21,5,zn,498,1357434.22140852,1.00283261037863
Los Ángeles,2024-10-21,11,zn,264,1357100.85270767,1.00258632735495
Los Ángeles,2024-11-21,5,zn,575,1355879.62657101,1.00168412128473
Los Ángeles,2024-11-21,11,zn,,1293180.13607858,0.955363575708172
Los Ángeles,2024-12-21,5,zn,636,1355264.19902942,1.00122946145791
Los Ángeles,2024-12-21,11,zn,,1197969.51294171,0.885024758378923
Los Ángeles,2024-01-21,5,cu,298,333285.911818055,1.00629804292891
Los Ángeles,2024-01-21,11,cu,37,339638.89033047,1.02547974133596
Los Ángeles,2024-02-21,5,cu,268,336513.772536848,1.01604399920546
Los Ángeles,2024-02-21,11,cu,30,338570.01594924,1.02225246361486
Los Ángeles,2024-03-21,5,cu,228,332833.234037119,1.00493126218937
Los Ángeles,2024-03-21,11,cu,25,340436.86714212,1.02788909161268
Los Ángeles,2024-04-21,5,cu,189,331248.282828441,1.00014578148684
Los Ángeles,2024-04-21,11,cu,22,338733.73879257,1.02274679587129
Los Ángeles,2024-05-21,5,cu,166,331688.09971642,1.00147373102784
Los Ángeles,2024-05-21,11,cu,21,337926.10956555,1.02030830182835
Los Ángeles,2024-06-21,5,cu,164,336249.068548938,1.01524477218882
Los Ángeles,2024-06-21,11,cu,21,337301.5457184,1.01842254142029
Los Ángeles,2024-07-21,5,cu,177,335698.704439702,1.01358304480586
Los Ángeles,2024-07-21,11,cu,22,346029.8184327,1.04477602183786
Los Ángeles,2024-08-21,5,cu,195,331568.293082338,1.00111199602155
Los Ángeles,2024-08-21,11,cu,23,346330.51095627,1.04568390989212
Los Ángeles,2024-09-21,5,cu,216,337498.667978006,1.0190177173249
Los Ángeles,2024-09-21,11,cu,25,344529.59960211,1.04024637561024
Los Ángeles,2024-10-21,5,cu,241,336559.765848754,1.01618286790083
Los Ángeles,2024-10-21,11,cu,29,343720.99170171,1.0378049266356
Los Ángeles,2024-11-21,5,cu,274,333072.232219767,1.00565287505968
Los Ángeles,2024-11-21,11,cu,35,339573.97341852,1.02528373616703
Los Ángeles,2024-12-21,5,cu,300,333754.36746528,1.00771246215362
Los Ángeles,2024-12-21,11,cu,39,334534.17699753,1.01006695953361
Monterrey,2024-01-21,8,zn,350,1357994.26423001,1.00324635359782
Monterrey,2024-01-21,11,zn,272,1356261.76200356,1.00196643174022
Monterrey,2024-02-21,8,zn,306,1358119.42649634,1.00333881981113
Monterrey,2024-02-21,11,zn,224,1357951.45376694,1.00321472648267
Monterrey,2024-03-21,8,zn,268,1358702.2653164,1.0037694040458
Monterrey,2024-03-21,11,zn,196,1356675.4112604,1.00227202368528
Monterrey,2024-04-21,8,zn,243,1355828.79370497,1.00164656745344
Monterrey,2024-04-21,11,zn,183,1358844.74728728,1.00387466554911
Monterrey,2024-05-21,8,zn,235,1353670.58427983,1.0000521455968
Monterrey,2024-05-21,11,zn,180,1357045.35891669,1.00254533016895
Monterrey,2024-06-21,8,zn,238,1358364.64368506,1.00351997908175
Monterrey,2024-06-21,11,zn,181,1358392.23185187,1.00354036041066
Monterrey,2024-07-21,8,zn,243,1357196.82207177,1.00265722670787
Monterrey,2024-07-21,11,zn,182,1358110.52907465,1.0033322466568
Monterrey,2024-08-21,8,zn,249,1357527.05928264,1.00290119627855
Monterrey,2024-08-21,11,zn,186,1358726.23114179,1.00378710929506
Monterrey,2024-09-21,8,zn,261,1357220.33277199,1.00267459572399
Monterrey,2024-09-21,11,zn,200,1358520.50277537,1.00363512320875
Monterrey,2024-10-21,8,zn,287,1356236.20963977,1.0019475544029
Monterrey,2024-10-21,11,zn,232,1357556.87055218,1.00292321997058
Monterrey,2024-11-21,8,zn,331,1354673.69078963,1.00079321128075
Monterrey,2024-11-21,11,zn,289,1354676.50735637,1.00079529207769
Monterrey,2024-12-21,8,zn,364,1354694.02049813,1.00080823027344
Monterrey,2024-12-21,11,zn,320,1355179.72132242,1.00116705180439
Monterrey,2024-01-21,8,cu,91,337339.946926263,1.0185384870962
Monterrey,2024-01-21,11,cu,30,331958.77282473,1.002290980751
Monterrey,2024-02-21,8,cu,73,331585.76631084,1.00116475335399
Monterrey,2024-02-21,11,cu,26,334563.62379585,1.01015586894882
Monterrey,2024-03-21,8,cu,55,332766.10167963,1.00472856787328
Monterrey,2024-03-21,11,cu,23,339528.55060962,1.02514659000489
Monterrey,2024-04-21,8,cu,44,336560.36858388,1.01618468775326
Monterrey,2024-04-21,11,cu,21,336439.04495685,1.01581837245426
Monterrey,2024-05-21,8,cu,40,335174.44126752,1.0120001246
Monterrey,2024-05-21,11,cu,21,343519.3514097,1.0371961093288
Monterrey,2024-06-21,8,cu,41,339560.360579789,1.02524263460081
Monterrey,2024-06-21,11,cu,21,339744.7237035,1.02579928654438
Monterrey,2024-07-21,8,cu,43,334677.671331239,1.0105002153721
Monterrey,2024-07-21,11,cu,21,335050.36849605,1.01162550874411
Monterrey,2024-08-21,8,cu,46,335263.50795546,1.01226904575924
Monterrey,2024-08-21,11,cu,22,345474.37818942,1.04309896796322
Monterrey,2024-09-21,8,cu,50,335854.21706928,1.01405258776957
Monterrey,2024-09-21,11,cu,23,343182.15328473,1.0361779990481
Monterrey,2024-10-21,8,cu,58,337646.08068114,1.01946280398895
Monterrey,2024-10-21,11,cu,25,335569.00666659,1.01319144524937
Monterrey,2024-11-21,8,cu,73,336084.72348594,1.01474856124982
Monterrey,2024-11-21,11,cu,29,336372.32595921,1.01561692620534
Monterrey,2024-12-21,8,cu,89,333664.871639133,1.00744224528724
Monterrey,2024-12-21,11,cu,32,338926.67244222,1.0233293250067
Ciudad de México,2024-01-21,8,zn,322,1354135.6568016,1.00039572754255
Ciudad de México,2024-01-21,11,zn,245,1355000.0089841,1.001034285597
Ciudad de México,2024-02-21,8,zn,291,1357994.00209157,1.00324615993762
Ciudad de México,2024-02-21,11,zn,212,1359059.19017103,1.00403308966536
Ciudad de México,2024-03-21,8,zn,262,1357907.62124793,1.00318234430255
Ciudad de México,2024-03-21,11,zn,192,1360161.34230933,1.00484732735618
Ciudad de México,2024-04-21,8,zn,244,1357250.037174,1.00269654046543
Ciudad de México,2024-04-21,11,zn,184,1359996.61104903,1.00472562873008
Ciudad de México,2024-05-21,8,zn,240,1353657.87473355,1.00004275615658
Ciudad de México,2024-05-21,11,zn,184,1355223.26404317,1.00119921989005
Ciudad de México,2024-06-21,8,zn,245,1360213.13832291,1.00488559273265
Ciudad de México,2024-06-21,11,zn,186,1354979.71025355,1.00101928948992
Ciudad de México,2024-07-21,8,zn,248,1355568.55771328,1.00145431273144
Ciudad de México,2024-07-21,11,zn,186,1357647.70914966,1.00299032886352
Ciudad de México,2024-08-21,8,zn,250,1360086.69602225,1.0047921808675
Ciudad de México,2024-08-21,11,zn,186,1354457.19450816,1.00063327017447
Ciudad de México,2024-09-21,8,zn,255,1357538.63928099,1.00290975124187
Ciudad de México,2024-09-21,11,zn,195,1356125.31396342,1.00186562792806
Ciudad de México,2024-10-21,8,zn,272,1354908.54868826,1.00096671741154
Ciudad de México,2024-10-21,11,zn,218,1355094.62180028,1.00110418277207
Ciudad de México,2024-11-21,8,zn,305,1359205.60127717,1.00414125389862
Ciudad de México,2024-11-21,11,zn,256,1357220.44788883,1.00267468076894
Ciudad de México,2024-12-21,8,zn,330,1357038.42898581,1.00254021053916
Ciudad de México,2024-12-21,11,zn,271,1353780.49605702,1.00013334519579
Ciudad de México,2024-01-21,8,cu,79,337690.853741985,1.0195979883514
Ciudad de México,2024-01-21,11,cu,28,340628.69706126,1.02846828822844
Ciudad de México,2024-02-21,8,cu,67,334237.05050271,1.00916983847437
Ciudad de México,2024-02-21,11,cu,25,342402.68230002,1.03382452385272
Ciudad de México,2024-03-21,8,cu,54,339140.86134417,1.02397603062853
Ciudad de México,2024-03-21,11,cu,22,334252.67268372,1.00921700689529
Ciudad de México,2024-04-21,8,cu,45,339020.074995689,1.02361133754737
Ciudad de México,2024-04-21,11,cu,21,337541.3257338,1.01914651489674
Ciudad de México,2024-05-21,8,cu,42,336023.02267557,1.01456226653252
Ciudad de México,2024-05-21,11,cu,21,338187.25056705,1.02109677103578
Ciudad de México,2024-06-21,8,cu,43,334708.938844289,1.0105946221144
Ciudad de México,2024-06-21,11,cu,21,332045.9874912,1.00255431005797
Ciudad de México,2024-07-21,8,cu,45,332747.486758949,1.00467236340263
Ciudad de México,2024-07-21,11,cu,22,346644.64917309,1.04663239484629
Ciudad de México,2024-08-21,8,cu,47,337496.532720511,1.0190112702914
Ciudad de México,2024-08-21,11,cu,22,346956.38797212,1.04757363518152
Ciudad de México,2024-09-21,8,cu,48,332896.73982138,1.00512300670707
Ciudad de México,2024-09-21,11,cu,22,337883.45461155,1.02017951271603
Ciudad de México,2024-10-21,8,cu,53,336914.27847999,1.01725325628016
Ciudad de México,2024-10-21,11,cu,24,342116.46363942,1.03296033707554
Ciudad de México,2024-11-21,8,cu,63,333115.59380709,1.00578379772672
Ciudad de México,2024-11-21,11,cu,27,342841.32776916,1.03514893650109
Ciudad de México,2024-12-21,8,cu,76,336393.94292841,1.01568219483216
Ciudad de México,2024-12-21,11,cu,29,341401.81405302,1.0308025786625
Cartagena,2024-01-21,8,zn,245,1357431.85898991,1.00283086509302
Cartagena,2024-01-21,11,zn,196,1353820.25714622,1.00016271952292
Cartagena,2024-02-21,8,zn,231,1360477.68710219,1.00508103361568
Cartagena,2024-02-21,11,zn,180,1356032.32238802,1.00179692847815
Cartagena,2024-03-21,8,zn,217,1357352.7359964,1.00277241134486
Cartagena,2024-03-21,11,zn,172,1357002.48078726,1.00251365306387
Cartagena,2024-04-21,8,zn,211,1357033.68460557,1.00253670553012
Cartagena,2024-04-21,11,zn,173,1357791.76309119,1.00309675169266
Cartagena,2024-05-21,8,zn,214,1356654.81212136,1.00225680564521
Cartagena,2024-05-21,11,zn,179,1358521.29673458,1.00363570976254
Cartagena,2024-06-21,8,zn,220,1358866.72670098,1.00389090329565
Cartagena,2024-06-21,11,zn,182,1356525.91378974,1.00216157933639
Cartagena,2024-07-21,8,zn,220,1354108.61628497,1.00037575080154
Cartagena,2024-07-21,11,zn,179,1355515.65130374,1.00141522702699
Cartagena,2024-08-21,8,zn,216,1361117.47969737,1.00555369362985
Cartagena,2024-08-21,11,zn,175,1357924.64371728,1.0031949200039
Cartagena,2024-09-21,8,zn,212,1356938.4988946,1.00246638511717
Cartagena,2024-09-21,11,zn,176,1353682.63377273,1.00006104740893
Cartagena,2024-10-21,8,zn,217,1356630.55900465,1.00223888815356
Cartagena,2024-10-21,11,zn,188,1359434.57281386,1.00431041135776
Cartagena,2024-11-21,8,zn,232,1356472.97464211,1.002122469446
Cartagena,2024-11-21,11,zn,204,1355439.70474302,1.00135911993426
Cartagena,2024-12-21,8,zn,246,1357838.9314422,1.00313159828768
Cartagena,2024-12-21,11,zn,209,1356291.08450066,1.0019880943415
Cartagena,2024-01-21,8,cu,44,339342.57908622,1.02458508178207
Cartagena,2024-01-21,11,cu,22,345037.7301777,1.04178058628533
Cartagena,2024-02-21,8,cu,40,333112.45412598,1.00577431801322
Cartagena,2024-02-21,11,cu,20,335391.30208815,1.01265489760915
Cartagena,2024-03-21,8,cu,36,338524.635714151,1.02211544599683
Cartagena,2024-03-21,11,cu,19,335036.7190059,1.0115842965154
Cartagena,2024-04-21,8,cu,33,336039.69717951,1.01461261225697
Cartagena,2024-04-21,11,cu,19,337849.0041291,1.02007549555888
Cartagena,2024-05-21,8,cu,33,337357.89335676,1.01859267317862
Cartagena,2024-05-21,11,cu,20,347135.4544359,1.04811429479438
Cartagena,2024-06-21,8,cu,34,333362.186340271,1.00652834039937
Cartagena,2024-06-21,11,cu,20,338663.627298,1.02253510657609
Cartagena,2024-07-21,8,cu,35,335538.1585647,1.01309830484511
Cartagena,2024-07-21,11,cu,20,341112.7788291,1.02992988776902
Cartagena,2024-08-21,8,cu,34,332761.678123741,1.00471521172627
Cartagena,2024-08-21,11,cu,19,332059.3146009,1.00259454891576
Cartagena,2024-09-21,8,cu,33,334066.70629899,1.00865551418777
Cartagena,2024-09-21,11,cu,19,334888.1125074,1.01113560539674
Cartagena,2024-10-21,8,cu,34,339380.246279161,1.02469881122935
Cartagena,2024-10-21,11,cu,20,340884.4862088,1.02924059845652
Cartagena,2024-11-21,8,cu,37,335620.79849136,1.01334782153188
Cartagena,2024-11-21,11,cu,21,334649.70463995,1.01041577487908
Cartagena,2024-12-21,8,cu,42,338340.67160442,1.02155999880562
Cartagena,2024-12-21,11,cu,22,336432.75626451,1.01579938485661
Medellín,2024-01-21,8,zn,243,1357648.7053428,1.00299106482181
Medellín,2024-01-21,11,zn,194,1359717.31481367,1.0045192928588
Medellín,2024-02-21,8,zn,232,1359387.15814881,1.00427538279315
Medellín,2024-02-21,11,zn,180,1356143.68663668,1.00187920112048
Medellín,2024-03-21,8,zn,221,1354856.33221133,1.00092814140908
Medellín,2024-03-21,11,zn,175,1358184.96075816,1.00338723460266
Medellín,2024-04-21,8,zn,219,1360614.68586242,1.0051822442837
Medellín,2024-04-21,11,zn,179,1356702.61378245,1.00229212011115
Medellín,2024-05-21,8,zn,224,1354134.8183309,1.00039510810498
Medellín,2024-05-21,11,zn,188,1356849.40866696,1.00240056786862
Medellín,2024-06-21,8,zn,232,1360397.75992963,1.00502198576362
Medellín,2024-06-21,11,zn,193,1359669.03525993,1.00448362533978
Medellín,2024-07-21,8,zn,231,1356507.20324985,1.00214775653801
Medellín,2024-07-21,11,zn,188,1355705.70182298,1.00155563077939
Medellín,2024-08-21,8,zn,223,1356243.07021757,1.00195262279666
Medellín,2024-08-21,11,zn,181,1357471.17232728,1.00285990863422
Medellín,2024-09-21,8,zn,216,1356908.18564508,1.00244399057704
Medellín,2024-09-21,11,zn,179,1353891.35817495,1.00021524687866
Medellín,2024-10-21,8,zn,218,1358815.84473614,1.00385331319159
Medellín,2024-10-21,11,zn,187,1354106.16127734,1.00037393711387
Medellín,2024-11-21,8,zn,230,1357738.85968959,1.00305766821039
Medellín,2024-11-21,11,zn,201,1358048.76528126,1.00328661737682
Medellín,2024-12-21,8,zn,242,1353861.53689074,1.00019321578808
Medellín,2024-12-21,11,zn,204,1355098.94804451,1.00110737887449
Medellín,2024-01-21,8,cu,43,333787.316373929,1.00781194557346
Medellín,2024-01-21,11,cu,21,333286.27962315,1.00629915345154
Medellín,2024-02-21,8,cu,41,337310.566005569,1.01844977658686
Medellín,2024-02-21,11,cu,20,335819.25334065,1.01394702095607
Medellín,2024-03-21,8,cu,37,334121.49845334,1.00882094943641
Medellín,2024-03-21,11,cu,20,349040.3460843,1.05386577924004
Medellín,2024-04-21,8,cu,35,335288.64336426,1.01234493769402
Medellín,2024-04-21,11,cu,20,346435.5560394,1.04600107499819
Medellín,2024-05-21,8,cu,36,340932.670905331,1.02938608365136
Medellín,2024-05-21,11,cu,20,332894.5560372,1.0051164131558
Medellín,2024-06-21,8,cu,37,332252.02798128,1.00317641298696
Medellín,2024-06-21,11,cu,21,340173.4206954,1.02709366151993
Medellín,2024-07-21,8,cu,38,335611.37478114,1.01331936830054
Medellín,2024-07-21,11,cu,21,344332.9415904,1.03965260142029
Medellín,2024-08-21,8,cu,37,341739.18186033,1.03182120126911
Medellín,2024-08-21,11,cu,20,340614.5721399,1.02842564051902
Medellín,2024-09-21,8,cu,34,332284.155209011,1.00327341548614
Medellín,2024-09-21,11,cu,20,349193.9000631,1.05432940840308
Medellín,2024-10-21,8,cu,34,335649.071090521,1.01343318565978
Medellín,2024-10-21,11,cu,20,341838.1810536,1.03212011187681
Medellín,2024-11-21,8,cu,37,339603.44098302,1.02537270828207
Medellín,2024-11-21,11,cu,21,339880.6181883,1.02620959597917
Medellín,2024-12-21,8,cu,41,336094.788196319,1.01477894986811
Medellín,2024-12-21,11,cu,22,343373.38563459,1.03675539140879
Rosario,2024-01-21,8,zn,242,1355061.69806271,1.0010798596799
Rosario,2024-01-21,11,zn,172,1357367.36787531,1.00278322094807
Rosario,2024-02-21,8,zn,264,1356251.96175074,1.00195919160072
Rosario,2024-02-21,11,zn,185,1360513.27036239,1.00510732148522
Rosario,2024-03-21,8,zn,295,1359150.46477059,1.00410052066385
Rosario,2024-03-21,11,zn,210,1357203.27540351,1.00266199424018
Rosario,2024-04-21,8,zn,347,1358004.4651159,1.00325388971329
Rosario,2024-04-21,11,zn,264,1356101.70552807,1.00184818670809
Rosario,2024-05-21,8,zn,420,1355927.68555045,1.00171962584992
Rosario,2024-05-21,11,zn,428,1353655.47329221,1.00004098204212
Rosario,2024-06-21,8,zn,477,1355382.85695483,1.00131712245481
Rosario,2024-06-21,11,zn,,1223568.2503417,0.903936355157872
Rosario,2024-07-21,8,zn,431,1354218.68907864,1.00045706935479
Rosario,2024-07-21,11,zn,377,1354171.9927577,1.00042257148175
Rosario,2024-08-21,8,zn,352,1357248.9886583,1.00269576585276
Rosario,2024-08-21,11,zn,265,1355319.56787138,1.00127036633524
Rosario,2024-09-21,8,zn,286,1359776.0029115,1.00456264990506
Rosario,2024-09-21,11,zn,211,1354925.84401485,1.00097949469182
Rosario,2024-10-21,8,zn,245,1357313.13288639,1.00274315372813
Rosario,2024-10-21,11,zn,183,1355105.48402784,1.00111220746738
Rosario,2024-11-21,8,zn,227,1354483.29105471,1.00065254953805
Rosario,2024-11-21,11,zn,171,1360984.10175285,1.00545515791434
Rosario,2024-12-21,8,zn,229,1358214.70721556,1.00340921041339
Rosario,2024-12-21,11,zn,168,1357732.15484835,1.00305271487023
Rosario,2024-01-21,8,cu,45,335642.708122919,1.01341397380109
Rosario,2024-01-21,11,cu,21,342798.32942265,1.03501911057563
Rosario,2024-02-21,8,cu,55,333785.391216,1.00780613289855
Rosario,2024-02-21,11,cu,23,346573.86389874,1.04641867119185
Rosario,2024-03-21,8,cu,68,332206.55195166,1.00303910613424
Rosario,2024-03-21,11,cu,25,332596.50760557,1.00421650847092
Rosario,2024-04-21,8,cu,89,336899.100473037,1.01720742896448
Rosario,2024-04-21,11,cu,31,342900.05702076,1.03532625912065
Rosario,2024-05-21,8,cu,114,334529.046689535,1.01005146947323
Rosario,2024-05-21,11,cu,37,334846.14760758,1.01100889978134
Rosario,2024-06-21,8,cu,132,335221.156642922,1.01214117343877
Rosario,2024-06-21,11,cu,41,331466.57297436,1.00080487009167
Rosario,2024-07-21,8,cu,124,335569.582555914,1.01319318404564
Rosario,2024-07-21,11,cu,38,331683.90642288,1.00146107011739
Rosario,2024-08-21,8,cu,92,333112.717721835,1.00577511389443
Rosario,2024-08-21,11,cu,31,336652.9524051,1.01646422827627
Rosario,2024-09-21,8,cu,61,337167.2609322,1.01801709218659
Rosario,2024-09-21,11,cu,25,340501.29009153,1.02808360534882
Rosario,2024-10-21,8,cu,44,334706.07102903,1.0105859632519
Rosario,2024-10-21,11,cu,21,331977.8487909,1.00234857726721
Rosario,2024-11-21,8,cu,38,335269.57828239,1.01228737404103
Rosario,2024-11-21,11,cu,20,339619.3594761,1.02542077136504
Rosario,2024-12-21,8,cu,39,335599.03555032,1.01328211216884
Rosario,2024-12-21,11,cu,20,340208.6757864,1.02720010805072
Santiago de Chile,2024-01-21,5,zn,393,1357040.26252725,1.00254156510583
Santiago de Chile,2024-01-21,11,zn,173,1355962.28535474,1.00174518717105
Santiago de Chile,2024-02-21,5,zn,423,1359046.43016362,1.00402366294594
Santiago de Chile,2024-02-21,11,zn,186,1353749.10541038,1.00011015470625
Santiago de Chile,2024-03-21,5,zn,459,1357282.81031906,1.00272075230427
Santiago de Chile,2024-03-21,11,zn,215,1356489.1099542,1.00213438974158
Santiago de Chile,2024-04-21,5,zn,517,1354157.8640334,1.00041213359441
Santiago de Chile,2024-04-21,11,zn,283,1356509.8603816,1.00214971954906
Santiago de Chile,2024-05-21,5,zn,602,1354768.33577265,1.00086313221975
Santiago de Chile,2024-05-21,11,zn,,1208926.11333411,0.893119173562433
Santiago de Chile,2024-06-21,5,zn,682,1354268.19412248,1.00049364222996
Santiago de Chile,2024-06-21,11,zn,,1088686.57539924,0.804289727688563
Santiago de Chile,2024-07-21,5,zn,614,1355583.82191129,1.00146558947347
Santiago de Chile,2024-07-21,11,zn,,1241102.45207863,0.916890109396148
Santiago de Chile,2024-08-21,5,zn,523,1357951.48864657,1.00321475225072
Santiago de Chile,2024-08-21,11,zn,282,1354503.62918094,1.00066757474951
Santiago de Chile,2024-09-21,5,zn,447,1356429.1770444,1.00209011306471
Santiago de Chile,2024-09-21,11,zn,218,1356625.0476609,1.00223481653435
Santiago de Chile,2024-10-21,5,zn,395,1357528.93345078,1.00290258085903
Santiago de Chile,2024-10-21,11,zn,187,1355400.69933297,1.00133030388074
Santiago de Chile,2024-11-21,5,zn,369,1358338.38686797,1.00350058131499
Santiago de Chile,2024-11-21,11,zn,173,1356105.07486785,1.00185067587755
Santiago de Chile,2024-12-21,5,zn,372,1359686.43817059,1.00449648210002
Santiago de Chile,2024-12-21,11,zn,170,1360417.5186357,1.00503658291645
Santiago de Chile,2024-01-21,5,cu,172,332596.138740215,1.00421539474703
Santiago de Chile,2024-01-21,11,cu,20,332251.94548455,1.00317616390263
Santiago de Chile,2024-02-21,5,cu,199,331808.154730245,1.00183621597296
Santiago de Chile,2024-02-21,11,cu,22,338111.6254428,1.02086843430797
Santiago de Chile,2024-03-21,5,cu,223,332465.351904532,1.00382050695813
Santiago de Chile,2024-03-21,11,cu,25,339411.99052824,1.02479465739203
Santiago de Chile,2024-04-21,5,cu,251,336293.395168973,1.01537860860197
Santiago de Chile,2024-04-21,11,cu,30,335731.74582351,1.01368280743813
Santiago de Chile,2024-05-21,5,cu,279,332418.970002192,1.00368046498246
Santiago de Chile,2024-05-21,11,cu,37,337950.09311886,1.02038071593859
Santiago de Chile,2024-06-21,5,cu,298,334105.810898242,1.00877358362996
Santiago de Chile,2024-06-21,11,cu,41,335025.97316397,1.01155185134049
Santiago de Chile,2024-07-21,5,cu,289,331921.294798759,1.00217782246002
Santiago de Chile,2024-07-21,11,cu,38,336954.11685909,1.01737354124121
Santiago de Chile,2024-08-21,5,cu,255,335315.012244077,1.01242455387704
Santiago de Chile,2024-08-21,11,cu,31,342426.91029735,1.03389767601857
Santiago de Chile,2024-09-21,5,cu,210,337222.714906575,1.0181845256841
Santiago de Chile,2024-09-21,11,cu,25,345381.39620112,1.04281822524493
Santiago de Chile,2024-10-21,5,cu,170,333398.690601689,1.00663855857998
Santiago de Chile,2024-10-21,11,cu,21,335931.2042859,1.01428503709511
Santiago de Chile,2024-11-21,5,cu,147,333062.335192664,1.00562299273147
Santiago de Chile,2024-11-21,11,cu,20,343798.8801876,1.03804009718478
Santiago de Chile,2024-12-21,5,cu,150,333515.825467748,1.00699222665383
Santiago de Chile,2024-12-21,11,cu,20,345733.2476097,1.0438805785317
Londres,2024-01-21,5,zn,,698155.00474178,0.515776451493632
Londres,2024-01-21,11,zn,,506032.724243796,0.373842142615097
Londres,2024-02-21,5,zn,,1324349.72124816,0.978390751513121
Londres,2024-02-21,11,zn,,920266.756552332,0.679866102653909
Londres,2024-03-21,5,zn,484,1353956.18909647,1.00026314206299
Londres,2024-03-21,11,zn,344,1354340.18986924,1.00054683057716
Londres,2024-04-21,5,zn,391,1357891.78240873,1.00317064303245
Londres,2024-04-21,11,zn,238,1354247.40631616,1.00047828480803
Londres,2024-05-21,5,zn,346,1358119.62698792,1.00333896792843
Londres,2024-05-21,11,zn,211,1358867.39246136,1.00389139513989
Londres,2024-06-21,5,zn,337,1355594.06023215,1.00147315324479
Londres,2024-06-21,11,zn,203,1354078.07980203,1.00035319134311
Londres,2024-07-21,5,zn,356,1355963.46707565,1.00174606019182
Londres,2024-07-21,11,zn,211,1356063.57106974,1.00182001408817
Londres,2024-08-21,5,zn,399,1355513.67267668,1.00141376527533
Londres,2024-08-21,11,zn,242,1353710.90170448,1.00008193092825
Londres,2024-09-21,5,zn,475,1354289.83539708,1.00050963016924
Londres,2024-09-21,11,zn,,1317053.08997829,0.973000214227462
Londres,2024-10-21,5,zn,,1283029.44439021,0.947864542250449
Londres,2024-10-21,11,zn,,795023.283469905,0.587339896180485
Londres,2024-11-21,5,zn,,684993.499264689,0.506053117069067
Londres,2024-11-21,11,zn,,444093.570935106,0.328083311861042
Londres,2024-12-21,5,zn,,494973.118428264,0.365671630044521
Londres,2024-12-21,11,zn,,348116.931270138,0.257178583976166
Londres,2024-01-21,5,cu,331,332572.003736491,1.00414252335897
Londres,2024-01-21,11,cu,64,332349.36477873,1.00347030428361
Londres,2024-02-21,5,cu,264,333976.110888726,1.00838197732103
Londres,2024-02-21,11,cu,42,335223.49306629,1.01214822785716
Londres,2024-03-21,5,cu,194,335633.227683494,1.01338534928591
Londres,2024-03-21,11,cu,30,331855.34178414,1.00197868896178
Londres,2024-04-21,5,cu,127,331506.89938881,1.0009266285894
Londres,2024-04-21,11,cu,25,342458.94172689,1.03399438927201
Londres,2024-05-21,5,cu,91,335829.294789414,1.01397733934002
Londres,2024-05-21,11,cu,23,347047.4366823,1.04784854070743
Londres,2024-06-21,5,cu,84,336162.22568556,1.01498256547572
Londres,2024-06-21,11,cu,22,338786.50096458,1.0229061019462
Londres,2024-07-21,5,cu,98,332896.96023762,1.00512367221504
Londres,2024-07-21,11,cu,23,341902.51352544,1.03231435243188
Londres,2024-08-21,5,cu,133,333773.456371109,1.00777009773886
Londres,2024-08-21,11,cu,25,335458.00454382,1.0128562939125
Londres,2024-09-21,5,cu,180,331628.626737473,1.00129416285469
Londres,2024-09-21,11,cu,31,341941.58689905,1.03243232759375
Londres,2024-10-21,5,cu,237,333052.053374348,1.00559194859405
Londres,2024-10-21,11,cu,42,337941.61475679,1.02035511701929
Londres,2024-11-21,5,cu,307,332014.956932915,1.0024606187588
Londres,2024-11-21,11,cu,63,331784.23661769,1.00176399944955
Londres,2024-12-21,5,cu,354,334963.448711993,1.01136306978259
Londres,2024-12-21,11,cu,80,332635.98777234,1.00433571187301
Zúrich,2024-01-21,8,zn,,922191.793402033,0.681288263447129
Zúrich,2024-01-21,11,zn,,838528.997413993,0.619480642297572
Zúrich,2024-02-21,8,zn,501,1355949.89970237,1.00173603701416
Zúrich,2024-02-21,11,zn,468,1353663.00796093,1.00004654843449
Zúrich,2024-03-21,8,zn,368,1356623.95957875,1.00223401269116
Zúrich,2024-03-21,11,zn,270,1355627.60962386,1.00149793855191
Zúrich,2024-04-21,8,zn,298,1353998.58774465,1.00029446494138
Zúrich,2024-04-21,11,zn,220,1355132.45528395,1.00113213304075
Zúrich,2024-05-21,8,zn,269,1355557.06399721,1.00144582151094
Zúrich,2024-05-21,11,zn,202,1359410.71767075,1.00429278787733
Zúrich,2024-06-21,8,zn,265,1359112.39436241,1.0040723953623
Zúrich,2024-06-21,11,zn,198,1357405.12961439,1.00281111821394
Zúrich,2024-07-21,8,zn,277,1356347.95006957,1.00203010495684
Zúrich,2024-07-21,11,zn,205,1360230.98642922,1.00489877839038
Zúrich,2024-08-21,8,zn,305,1354779.61295694,1.00087146347292
Zúrich,2024-08-21,11,zn,225,1359593.0229969,1.00442746970811
Zúrich,2024-09-21,8,zn,360,1358587.04040307,1.00368427925759
Zúrich,2024-09-21,11,zn,275,1357716.57927012,1.00304120808963
Zúrich,2024-10-21,8,zn,485,1354208.56758831,1.00044959189444
Zúrich,2024-10-21,11,zn,,1234558.70468677,0.912055780649207
Zúrich,2024-11-21,8,zn,,907597.269522919,0.670506257035253
Zúrich,2024-11-21,11,zn,,781460.913854817,0.577320415081868
Zúrich,2024-12-21,8,zn,,705434.642091612,0.521154434169335
Zúrich,2024-12-21,11,zn,,638633.801051667,0.471803931036988
Zúrich,2024-01-21,8,cu,210,333072.275831012,1.00565300673615
Zúrich,2024-01-21,11,cu,69,335431.15339518,1.0127752216038
Zúrich,2024-02-21,8,cu,155,331767.118846646,1.00171231535823
Zúrich,2024-02-21,11,cu,47,338209.49013087,1.02116391947726
Zúrich,2024-03-21,8,cu,97,331774.914287988,1.0017358523188
Zúrich,2024-03-21,11,cu,33,332676.23531115,1.00445723221966
Zúrich,2024-04-21,8,cu,60,331235.92310964,1.00010846349529
Zúrich,2024-04-21,11,cu,27,342584.53144623,1.03437358528451
Zúrich,2024-05-21,8,cu,48,337757.39279652,1.01979889129384
Zúrich,2024-05-21,11,cu,24,335985.99815487,1.01445047752074
Zúrich,2024-06-21,8,cu,46,336305.84893044,1.01541621053877
Zúrich,2024-06-21,11,cu,24,341541.56182842,1.0312245224288
Zúrich,2024-07-21,8,cu,51,335206.045174441,1.01209554702428
Zúrich,2024-07-21,11,cu,25,340998.23483664,1.02958404238116
Zúrich,2024-08-21,8,cu,63,331960.76769369,1.00229700390607
Zúrich,2024-08-21,11,cu,27,333345.24088749,1.00647717659266
Zúrich,2024-09-21,8,cu,87,333286.125243225,1.00629868732858
Zúrich,2024-09-21,11,cu,33,341863.87441113,1.0321976884394
Zúrich,2024-10-21,8,cu,129,336560.702290167,1.01618569532055
Zúrich,2024-10-21,11,cu,43,336444.84626028,1.01583588846703
Zúrich,2024-11-21,8,cu,186,334024.836900112,1.00852909692063
Zúrich,2024-11-21,11,cu,62,332420.98504647,1.00368654905335
Zúrich,2024-12-21,8,cu,224,331755.921890063,1.00167850812217
Zúrich,2024-12-21,11,cu,79,334426.38322929,1.00974149525752
Mumbai,2024-01-21,8,zn,301,1355398.16378235,1.00132843069027
Mumbai,2024-01-21,11,zn,255,1355565.49941093,1.00145205334732
Mumbai,2024-02-21,8,zn,271,1357382.65976618,1.00279451814877
Mumbai,2024-02-21,11,zn,215,1355815.85637489,1.00163700973322
Mumbai,2024-03-21,8,zn,244,1354935.67577811,1.00098675811031
Mumbai,2024-03-21,11,zn,194,1356275.24515836,1.00197639269973
Mumbai,2024-04-21,8,zn,229,1359624.56639871,1.00445077304869
Mumbai,2024-04-21,11,zn,187,1359592.16313264,1.0044268344656
Mumbai,2024-05-21,8,zn,226,1355386.49948451,1.00131981344896
Mumbai,2024-05-21,11,zn,188,1359393.94534434,1.00428039697425
Mumbai,2024-06-21,8,zn,230,1355788.53704362,1.00161682701213
Mumbai,2024-06-21,11,zn,189,1355223.77316363,1.00119959601332
Mumbai,2024-07-21,8,zn,233,1357293.7840685,1.00272885938866
Mumbai,2024-07-21,11,zn,188,1355129.75997096,1.00113014182252
Mumbai,2024-08-21,8,zn,234,1359897.99451907,1.00465277372862
Mumbai,2024-08-21,11,zn,189,1357238.33281035,1.00268789362467
Mumbai,2024-09-21,8,zn,238,1353802.44184146,1.00014955809801
Mumbai,2024-09-21,11,zn,200,1358408.66449449,1.00355250036531
Mumbai,2024-10-21,8,zn,255,1356532.1304441,1.0021661720184
Mumbai,2024-10-21,11,zn,228,1355286.88958742,1.00124622457699
Mumbai,2024-11-21,8,zn,286,1358030.29151027,1.00327296949635
Mumbai,2024-11-21,11,zn,279,1354650.23642205,1.00077588388154
Mumbai,2024-12-21,8,zn,309,1354858.97184306,1.00093009149162
Mumbai,2024-12-21,11,zn,298,1353879.85564478,1.00020674914655
Mumbai,2024-01-21,8,cu,62,338391.569890621,1.02171367720598
Mumbai,2024-01-21,11,cu,26,332882.36654262,1.00507960912627
Mumbai,2024-02-21,8,cu,53,335842.88002938,1.01401835757663
Mumbai,2024-02-21,11,cu,24,345354.91867299,1.04273828101748
Mumbai,2024-03-21,8,cu,43,332646.304315799,1.00436686085688
Mumbai,2024-03-21,11,cu,21,332014.93402797,1.00246054960136
Mumbai,2024-04-21,8,cu,37,333466.79253738,1.00684418036649
Mumbai,2024-04-21,11,cu,20,331434.197658,1.00070711853261
Mumbai,2024-05-21,8,cu,36,340574.753609731,1.02830541548832
Mumbai,2024-05-21,11,cu,21,348434.35430805,1.05203609392527
Mumbai,2024-06-21,8,cu,37,341082.21801792,1.02983761478841
Mumbai,2024-06-21,11,cu,21,342743.0936808,1.03485233599275
Mumbai,2024-07-21,8,cu,38,336157.80825963,1.01496922783705
Mumbai,2024-07-21,11,cu,21,341727.548583,1.03178607663949
Mumbai,2024-08-21,8,cu,39,338391.34128612,1.021712986975
Mumbai,2024-08-21,11,cu,21,342537.3297348,1.03423106803986
Mumbai,2024-09-21,8,cu,40,338914.09624098,1.0232913533846
Mumbai,2024-09-21,11,cu,21,333164.00671275,1.00592997195879
Mumbai,2024-10-21,8,cu,43,335548.936514279,1.0131308469634
Mumbai,2024-10-21,11,cu,23,338484.75115647,1.0219950216077
Mumbai,2024-11-21,8,cu,51,337729.990811311,1.01971615583125
Mumbai,2024-11-21,11,cu,26,342455.91888879,1.03398526234538
Mumbai,2024-12-21,8,cu,60,336686.66653926,1.0165660221596
Mumbai,2024-12-21,11,cu,27,332353.23464952,1.00348198867609
Shanghái,2024-01-21,8,zn,363,1354095.75778938,1.00036625132194
Shanghái,2024-01-21,11,zn,,1174341.14011767,0.867568809188588
Shanghái,2024-02-21,8,zn,298,1355289.59553988,1.00124822365535
Shanghái,2024-02-21,11,zn,273,1354479.01842957,1.00064939304785
Shanghái,2024-03-21,8,zn,252,1354873.08343764,1.00094051672402
Shanghái,2024-03-21,11,zn,218,1355101.09177667,1.00110896260096
Shanghái,2024-04-21,8,zn,225,1359837.78622806,1.0046082936082
Shanghái,2024-04-21,11,zn,196,1359230.37239817,1.00415955407666
Shanghái,2024-05-21,8,zn,215,1356817.70299107,1.0023771446447
Shanghái,2024-05-21,11,zn,188,1354402.12682169,1.00059258778198
Shanghái,2024-06-21,8,zn,216,1359115.49861547,1.00407468869346
Shanghái,2024-06-21,11,zn,187,1357785.0849291,1.00309181806228
Shanghái,2024-07-21,8,zn,221,1359520.23654076,1.00437369720801
Shanghái,2024-07-21,11,zn,189,1359880.81509921,1.00464008207684
Shanghái,2024-08-21,8,zn,229,1355448.63312576,1.0013657159617
Shanghái,2024-08-21,11,zn,198,1357500.58920246,1.00288164095926
Shanghái,2024-09-21,8,zn,247,1354709.96539044,1.00082000989246
Shanghái,2024-09-21,11,zn,228,1357818.50333741,1.00311650660269
Shanghái,2024-10-21,8,zn,284,1354672.97748867,1.00079268431492
Shanghái,2024-10-21,11,zn,,1343916.62739146,0.992846208179273
Shanghái,2024-11-21,8,zn,350,1354187.1314679,1.00043375551707
Shanghái,2024-11-21,11,zn,,1051950.44058614,0.77715014818716
Shanghái,2024-12-21,8,zn,403,1354304.0424705,1.00052012593861
Shanghái,2024-12-21,11,zn,,988543.712197482,0.730307115985138
Shanghái,2024-01-21,8,cu,72,336663.23100828,1.01649526270616
Shanghái,2024-01-21,11,cu,32,337395.69114174,1.01870679692554
Shanghái,2024-02-21,8,cu,56,337006.63296276,1.01753210435616
Shanghái,2024-02-21,11,cu,27,342341.72641809,1.03364047831549
Shanghái,2024-03-21,8,cu,42,337251.72951585,1.01827213018071
Shanghái,2024-03-21,11,cu,23,340648.63094148,1.02852847506486
Shanghái,2024-04-21,8,cu,34,338531.835068221,1.02213718317699
Shanghái,2024-04-21,11,cu,21,342375.2848314,1.03374180202717
Shanghái,2024-05-21,8,cu,31,335940.23307804,1.01431229794094
Shanghái,2024-05-21,11,cu,20,335965.36757325,1.0143881871173
Shanghái,2024-06-21,8,cu,31,334338.10225224,1.00947494641377
Shanghái,2024-06-21,11,cu,20,335531.16587865,1.01307719166259
Shanghái,2024-07-21,8,cu,33,339823.83265836,1.02603814208442
Shanghái,2024-07-21,11,cu,21,348408.9311925,1.05195933331069
Shanghái,2024-08-21,8,cu,35,336392.093271,1.01567661011775
Shanghái,2024-08-21,11,cu,21,336508.368255,1.01602768192935
Shanghái,2024-09-21,8,cu,39,338497.78307349,1.02203436918324
Shanghái,2024-09-21,11,cu,23,340469.20930446,1.02798674306902
Shanghái,2024-10-21,8,cu,46,335473.88933712,1.01290425524493
Shanghái,2024-10-21,11,cu,26,334061.61301392,1.00864013591159
Shanghái,2024-11-21,8,cu,59,331891.77330993,1.00208868752998
Shanghái,2024-11-21,11,cu,31,333168.81258693,1.00594448244846
Shanghái,2024-12-21,8,cu,73,335238.42209076,1.01219330341413
Shanghái,2024-12-21,11,cu,34,332429.44232577,1.00371208431694
